,season,week,team,nfelo_base,qb_adj,nfelo,pts_vs_avg
0,2026,5,LAR,1660.5306858687961,0.0,1660.5306858687961,5.164889203676676
1,2026,5,SEA,1634.9088238712534,0.0,1634.9088238712534,4.140014723774966
2,2026,5,BUF,1626.2947556960046,0.0,1626.2947556960046,3.795451996765014
3,2026,4,KC,1596.405740300814,20.254743576049805,1616.6604838768635,4.420271369063085
4,2026,5,BAL,1592.5743493248347,0.0,1592.5743493248347,2.4466357419182168
5,2026,5,SF,1586.3986603067817,0.0,1586.3986603067817,2.1996081811960995
6,2026,5,JAX,1579.349634260001,0.0,1579.349634260001,1.9176471393248722
7,2026,5,NE,1570.4258390411817,0.0,1570.4258390411817,1.560695330572098
8,2026,5,CHI,1567.8649530244818,0.0,1567.8649530244818,1.4582598899041022
9,2026,5,CIN,1563.9460360128205,0.0,1563.9460360128205,1.301503209437651
10,2026,5,DET,1553.745862192374,0.0,1553.745862192374,0.8934962566197919
11,2026,5,DEN,1552.7712245364,0.0,1552.7712245364,0.8545107503808321
12,2026,5,HOU,1549.4003837212817,0.0,1549.4003837212817,0.7196771177761002
13,2026,5,DAL,1546.7600270892683,0.0,1546.7600270892683,0.6140628524955628
14,2026,5,IND,1544.8340968349405,0.0,1544.8340968349405,0.537025642322451
15,2026,5,PHI,1532.468734291126,0.0,1532.468734291126,0.04241114056987499
16,2026,5,MIN,1530.3481772626324,0.0,1530.3481772626324,-0.04241114056987499
17,2026,5,LAC,1514.836716206872,0.0,1514.836716206872,-0.6628695828002855
18,2026,5,GB,1504.4831167888149,0.0,1504.4831167888149,-1.0770135595225747
19,2026,5,PIT,1485.99604924296,0.0,1485.99604924296,-1.8164962613567694
20,2026,5,TB,1477.4478129909699,0.0,1477.4478129909699,-2.1584257114363754
21,2026,4,CAR,1456.0001267682892,13.82936668395996,1469.8294934522492,-1.452968247921499
22,2026,5,NYG,1465.449686279323,0.0,1465.449686279323,-2.638350779902248
23,2026,5,WAS,1436.7334180726366,0.0,1436.7334180726366,-3.7870015081697055
24,2026,5,OAK,1433.3784105674065,0.0,1433.3784105674065,-3.92120180837891
25,2026,5,ATL,1427.9725232943085,0.0,1427.9725232943085,-4.137437299302828
26,2026,5,NO,1422.4717861511856,0.0,1422.4717861511856,-4.3574667850277455
27,2026,5,TEN,1392.148216366677,0.0,1392.148216366677,-5.5704095764080925
28,2026,5,NYJ,1389.5568599791368,0.0,1389.5568599791368,-5.674063831909698
29,2026,5,ARI,1388.2971817377245,0.0,1388.2971817377245,-5.72445096156619
30,2026,5,CLE,1376.7786593726878,0.0,1376.7786593726878,-6.185191856167657
31,2026,5,MIA,1336.4780017819578,0.0,1336.4780017819578,-7.7972181597968575
