home_team,away_team,nfelo_projected_home_spread,nfelo_projected_home_win_probability,projected_winner,projected_winner_probability
DAL,TB,-8.5,0.786,DAL,0.786
MIA,CIN,7.5,0.24,CIN,0.76
TEN,HOU,6.0,0.285,HOU,0.715
NE,LV,-5.5,0.698,NE,0.698
JAX,PHI,-5.0,0.689,JAX,0.689
ARI,DET,4.5,0.334,DET,0.666
WAS,NYG,-3.5,0.631,WAS,0.631
SEA,SF,-3.0,0.613,SEA,0.613
ATL,BAL,-3.0,0.609,ATL,0.609
LAR,BUF,-2.5,0.595,LAR,0.595
NYJ,CLE,-2.5,0.595,NYJ,0.595
NO,MIN,2.0,0.424,MIN,0.576
LAC,DEN,1.5,0.437,DEN,0.563
PIT,IND,-1.0,0.543,PIT,0.543
GB,CHI,0.0,0.496,CHI,0.504
